id,areaCount,partyCount,monsterCount,party_cx,party_cz,mon_dist_mean,cam_x,cam_y,cam_z,arc_deg,spread,mon_ymin,mon_ymax
azit03_00,1,3,4,1.46,-17.93,63.1,68.1,6.68,1.23,36.74,47.08,0,0
azit03_01,1,3,3,1.46,-18.56,59.84,68.1,6.68,1.23,29.21,53.64,0,0
azit03_02,1,3,3,16.46,-14.59,70.03,68.1,6.68,1.23,31.43,62.68,0,0
azit03_03,1,3,3,-14.54,-12.59,69.49,68.1,6.68,1.23,30.4,58.18,0,0
bika00_00,1,3,3,49.63,15.15,90.49,68.1,6.68,1.23,10.09,71.21,0,0
bika00_10,4,4,3,-25.63,44.33,109.6,68.1,6.68,1.23,3.59,59.98,0,0
bika00_20,1,3,3,1.46,-15.59,76.74,68.1,6.68,1.23,12.96,74.67,0,0
bika01_00,1,3,3,1.46,-15.59,61.8,68.1,6.68,1.23,24.75,54.92,0,0
bika01_01,1,3,3,6.46,-15.59,61.27,68.1,6.68,1.23,28.79,52.35,0,0
bika01_02,1,3,3,1.46,-12.93,57.42,68.1,6.68,1.23,25.2,52.3,0,0
bika01_03,1,3,1,1.46,-15.59,90.4,68.1,6.68,1.23,,83.72,0,0
bika01_04,1,3,1,1.46,-15.59,72.74,68.1,6.68,1.23,,68.96,0,0
bika01_05,1,3,3,1.46,-11.26,67.96,68.1,6.68,1.23,14.97,65.81,0,0
bika01_10,1,3,3,1.46,-12.93,57.42,68.1,6.68,1.23,25.2,52.3,0,0
bika01_20,1,3,3,1.46,-15.59,76.74,68.1,6.68,1.23,12.96,74.67,0,0
bika01_21,1,3,3,1.46,-15.59,76.74,68.1,6.68,1.23,12.96,74.67,0,0
bika02_00,1,3,5,1.46,-28.93,62.95,,,,38.19,23.27,0,0
bika02_01,1,3,3,1.46,-15.59,61.91,68.1,6.68,1.23,19.62,52.71,0,0
bika02_02,1,3,5,1.46,-10.93,46.32,,,,51.04,21.92,0,0
bika02_03,1,3,1,1.46,-15.59,120.19,68.1,6.68,1.23,,112.81,0,0
bika02_04,1,3,1,-8.54,-20.93,105.24,68.1,6.68,1.23,,78.47,0,0
bika02_05,1,3,3,1.46,-15.59,76.74,68.1,6.68,1.23,12.96,74.67,0,0
bika02_10,1,3,5,1.46,-15.59,47.62,,,,49.67,29.16,-0,0
bika02_11,1,3,5,1.46,-15.59,64.17,,,,26.6,25.44,0,0
bika02_12,1,3,5,1.46,-30.93,79.48,,,,23.43,32.44,0,0
bika02_13,1,3,5,1.46,-15.59,56.52,,,,49.8,27.27,0,0
bika02_14,1,3,5,1.46,-15.59,66.56,,,,16.52,13.02,0,0
bika02_20,1,3,3,1.46,-15.59,93.2,68.1,6.68,1.23,5.49,92.26,0,0
bika02_30,1,3,3,1.46,-15.59,76.74,68.1,6.68,1.23,12.96,74.67,0,0
bika03_00,1,3,5,1.46,-9.36,49.23,,,,52.49,27.92,0,0
bika03_01,1,3,5,11.46,-25.59,58.53,,,,42.86,25.92,0,0
bika03_02,1,3,5,1.46,-10.26,51.5,,,,53.73,25.32,0,0
bika03_03,1,3,5,1.46,-12.26,52.03,,,,51.57,27.32,0,0
bika03_04,1,3,5,1.46,-15.59,60.33,,,,36.54,18.9,0,0
bika03_05,1,3,5,1.46,-28.93,66.09,,,,28.92,17.5,0,0
bika03_06,1,3,5,1.46,-15.59,61.36,,,,32.54,20.61,0,0
bika03_10,1,3,3,19.63,85.15,67.55,68.1,6.68,1.23,12.12,59.91,0,0
bika03_11,1,3,3,1.46,-15.59,93.2,68.1,6.68,1.23,5.49,92.26,0,0
bika03_12,1,3,3,1.46,-15.59,62.56,68.1,6.68,1.23,20.55,59.67,0,0
bika03_13,1,3,1,1.46,-15.59,90.4,68.1,6.68,1.23,,83.72,0,0
bika03_14,1,3,5,1.46,-17.59,66.06,,,,22.87,25.44,0,0
bika03_15,1,3,5,1.46,-15.26,65.26,,,,31.33,32.44,0,0
bika03_20,2,3,3,1.24,-19.59,85.3,68.1,6.68,1.23,17.9,81.37,0,8.6
bika03_30,1,3,3,1.46,-15.59,76.74,68.1,6.68,1.23,12.96,74.67,0,0
bika03_31,1,3,3,1.46,-15.59,76.74,68.1,6.68,1.23,12.96,74.67,0,0
bika03_32,1,3,3,1.46,-15.59,76.74,68.1,6.68,1.23,12.96,74.67,0,0
bika03_70,1,3,1,6.06,-30.08,87.95,68.1,6.68,1.23,,81.26,0,0
bika04_00,2,3,3,-8.17,-12.43,78.62,68.1,6.68,1.23,36.71,66.47,0,0
bjyt02_00,1,1,3,0,-20,85.06,68.1,6.68,1.23,23.56,76.67,-60,-30
bjyt02_01,5,1,1,0,-20,90,68.1,6.68,1.23,,85.92,-60,-60
bjyt02_02,2,3,1,0,-40,80,68.1,6.68,1.23,,68.43,-60,-60
bjyt04_00,1,1,1,-25.1,-20,45.38,68.1,6.68,1.23,,5.14,0,0
bjyt04_01,1,2,3,0,-30,40,68.1,6.68,1.23,0,36.36,0,0
bsil03_00,1,3,3,-7.03,-0.77,46.19,68.1,6.68,1.23,66.83,24.47,-65,-60
bsil03_01,1,3,3,1.46,-22.26,82.14,68.1,6.68,1.23,17.31,79.32,-65,-65
bsil03_02,1,3,4,1.46,-10.59,57.71,68.1,6.68,1.23,29.05,47.19,-65,-60
bsil03_03,2,3,1,0,0,0,,,,,,0,0
bsil04_00,1,3,3,14,-109,53.31,68.1,6.68,1.23,0,2.74,0,0
bsil05_00,1,3,3,9.46,-14.93,57.75,68.1,6.68,1.23,25.68,52.91,0,0
bsil05_01,1,3,3,4.24,-15.5,60.12,68.1,6.68,1.23,35.46,44.82,0,0
bsil05_02,1,3,3,1.53,-20.59,63.5,68.1,6.68,1.23,14.53,61.8,0,0
bsil05_03,1,3,3,18.13,-18.39,59.52,68.1,6.68,1.23,26.48,54.36,0,0
bsil05_04,1,3,3,1.46,-16.26,59.17,68.1,6.68,1.23,6.91,58.86,0,0
bsil05_50,2,3,3,64.13,-13.89,71.77,68.1,6.68,1.23,16.57,67.95,0,0
bsil05_51,4,3,3,56.67,0,72.08,68.1,6.68,1.23,35.07,41.39,0,0
bsil05_52,4,3,3,-40,20,58.09,68.1,6.68,1.23,29.99,23.35,0,0
bsil07_00,1,3,3,1.46,-22.26,64.68,68.1,6.68,1.23,20.93,60.61,0,0
bsil07_01,1,3,3,1.46,-12.59,54.83,68.1,6.68,1.23,27.29,49.32,0,0
bsil07_02,1,3,3,-0.54,13.07,49.52,68.1,6.68,1.23,15.38,35.63,0,0
bsil07_03,1,3,3,1.46,-15.59,81.23,68.1,6.68,1.23,22.41,73.99,0,0
bsil07_50,2,3,3,30.98,-39.33,55.85,68.1,6.68,1.23,25.16,13.8,0,0
bsil07_51,4,4,3,46.25,-12.5,53.9,68.1,6.68,1.23,85.78,35.4,0,0
bsil07_70,2,3,1,2.98,-43.68,74.27,68.1,6.68,1.23,,60.95,0,0
bvyt00_00,1,3,6,1.46,-25.59,53.65,68.1,6.68,1.23,26.67,43.76,0,0
bvyt00_01,1,3,6,1.46,-25.59,52.91,68.1,6.68,1.23,31.18,39.3,0,0
bvyt00_02,2,3,6,-2.87,-84.38,99.65,68.1,6.68,1.23,17.91,58.49,0,0
bvyt09_00,1,3,3,1.46,-25.59,74.84,68.1,6.68,1.23,23.57,61.93,0,0
bvyt09_01,1,3,3,29.96,15.82,62.08,68.1,6.68,1.23,17.47,30.28,0,0
bvyt09_02,1,3,3,1.46,-28.93,68.44,68.1,6.68,1.23,18.52,63.68,0,0
bvyt09_03,1,3,3,1.46,-17.26,63.61,68.1,6.68,1.23,32.04,43.48,0,0
bvyt09_04,1,3,3,1.46,-36.59,71.73,68.1,6.68,1.23,18.36,64.18,0,0
bvyt09_05,1,3,3,-8.54,-20.59,77.74,68.1,6.68,1.23,10.13,73.42,0,0
bvyt09_06,1,3,3,-8.54,-20.59,65.15,68.1,6.68,1.23,13.98,61.51,0,0
bvyt09_10,2,1,3,2.51,-46.88,98.4,68.1,6.68,1.23,13.61,90.5,0,0
bvyt09_11,2,1,3,2.51,-46.88,116.65,68.1,6.68,1.23,19.39,96.49,0,0
bvyt09_12,2,1,3,2.51,-46.88,104.73,68.1,6.68,1.23,13.61,98.39,0,0
bvyt09_20,1,3,3,-8.54,-20.59,77.74,68.1,6.68,1.23,10.13,73.42,0,0
cdsp00_00,1,3,3,1.46,-15.59,55.46,68.1,6.68,1.23,17.73,53.66,0,0
cdsp00_01,1,3,3,1.46,-15.59,57.66,68.1,6.68,1.23,18.08,54.04,-10,0
cdsp00_02,2,3,3,26.67,138,480.72,68.1,6.68,1.23,61.69,458.79,-520,0
cdsp02_00,1,3,2,1,-52,73.16,68.1,6.68,1.23,52.02,57.7,-2.9,2.9
cdsp07_00,3,2,1,-54,10.5,53.68,68.1,6.68,1.23,,45.47,15,15
cdsp07_01,1,2,2,0,447,62.17,68.1,6.68,1.23,11.13,11.86,-10,-10
dome00_00,1,3,4,1.46,-15.26,86.3,68.1,6.68,1.23,28.19,78.06,0,0
dome00_01,1,3,6,1.46,-12.26,64.4,68.1,6.68,1.23,23.26,42.81,0,0
dome00_02,2,3,3,-2.87,-84.38,99.65,68.1,6.68,1.23,17.91,58.49,0,0
dome00_03,1,3,5,1.46,-20.93,65.08,68.1,6.68,1.23,17.17,50.64,0,0
dome00_04,2,3,3,-2.87,-84.38,99.65,68.1,6.68,1.23,17.91,58.49,0,0
dome00_05,2,3,3,-2.87,-84.38,133.19,68.1,6.68,1.23,10.42,88.84,0,0
dome02_00,1,7,8,0,0,77.99,68.1,6.68,1.23,30.01,35.46,0,0
dome06_00,1,3,1,0,-71.67,81.67,68.1,6.68,1.23,,55.75,0,0
dome06_70,1,3,1,4.49,-101.99,93.15,68.1,6.68,1.23,,52.87,0,0
genk00_00,1,3,4,-18.54,-11.93,69,68.1,6.68,1.23,73.99,50.17,0,0
genk00_01,1,3,5,39.63,-9.85,80.92,68.1,6.68,1.23,17.63,49.67,0,0
genk00_02,1,3,4,1.46,-15.59,76.15,68.1,6.68,1.23,82.1,65.04,0,0
genk00_03,1,3,5,42.96,-9.85,79.25,68.1,6.68,1.23,61.56,38.73,0,0
genk00_04,1,3,5,1.46,-12.26,75.78,68.1,6.68,1.23,86.59,55.1,0,0
genk00_05,1,3,4,39.63,15.15,70.73,68.1,6.68,1.23,12.12,40.97,0,0
genk00_40,2,3,3,2.91,-19.77,69.21,68.1,6.68,1.23,27.6,38.51,0,0
genk09_00,2,3,1,-4.15,48.47,68.59,68.1,6.68,1.23,,55.04,-85,-85
genk16_00,1,3,4,1.46,-15.59,73.56,68.1,6.68,1.23,70.7,60.46,0,0
genk16_01,1,3,4,1.46,-23.26,70.25,68.1,6.68,1.23,67.27,57.71,0,0
genk16_02,1,3,5,4.46,-22.26,60.61,68.1,6.68,1.23,85.92,51.91,0,0
genk16_03,1,3,3,1.46,-15.59,74.04,68.1,6.68,1.23,30.78,67.16,0,0
genk16_04,1,3,4,11.46,-31.93,72.72,68.1,6.68,1.23,66.73,57.61,0,0
genk16_50,4,9,3,-7.5,86.14,68.07,68.1,6.68,1.23,44.15,42.81,0,0
hiku02_00,1,3,3,1.46,-15.59,60.81,68.1,6.68,1.23,28.12,51.43,0,0
hiku02_01,1,3,3,1.46,-15.59,60.14,68.1,6.68,1.23,26.91,55.02,0,0
hiku02_02,1,3,3,1.46,-22.26,74.33,68.1,6.68,1.23,29.77,66.86,0,0
hiku15_00,2,3,4,-20,80,288.55,68.1,6.68,1.23,14.8,199.44,-35,43
hiku15_70,2,3,3,-26.23,83.11,129.48,68.1,6.68,1.23,11.48,75.6,-8,63
kami00_00,1,3,3,1.46,-14.26,56.7,68.1,6.68,1.23,20.44,53.56,0,0
kami00_01,1,3,4,1.46,-9.59,55.49,68.1,6.68,1.23,73.19,43.91,0,0
kami00_01.restored,1,3,4,1.46,-9.59,62.75,68.1,6.68,1.23,73.07,48.9,0,0
kami00_02,1,3,3,1.46,-28.93,72.66,68.1,6.68,1.23,25.54,67.42,0,0
kami00_03,1,3,4,11.46,-15.59,53.1,68.1,6.68,1.23,81.14,47.02,0,0
kami00_03.restored,1,3,4,11.46,-15.59,63.33,68.1,6.68,1.23,77.53,54.45,0,0
kami00_04,1,3,5,-8.54,-18.26,70.12,68.1,6.68,1.23,75.97,52.25,0,0
kami00_04.restored,1,3,5,-8.54,-18.26,78.41,68.1,6.68,1.23,78.84,57.83,0,0
kami00_05,1,3,3,1.46,-0.59,62.52,68.1,6.68,1.23,16.82,59.49,0,0
kami00_06,1,3,3,15.63,15.15,58.34,68.1,6.68,1.23,13.66,50.03,0,0
kami00_07,1,3,3,1.46,-9.93,56.34,68.1,6.68,1.23,16.77,46.09,0,0
kami03_00,2,3,3,-13.56,-27.98,82.95,68.1,6.68,1.23,13.79,80.92,0,0
kami03_01,2,3,3,2.97,-43.06,71.79,68.1,6.68,1.23,40.09,54.78,0,0
kami03_02,1,3,5,1.46,-18.73,70.39,68.1,6.68,1.23,62.04,51.14,0,0
kami03_02.restored,1,3,5,1.46,-18.73,73.94,68.1,6.68,1.23,70.91,59.15,0,0
kami03_03,1,3,5,-58.54,-11.93,76.92,68.1,6.68,1.23,73.32,46.89,0,0
kami03_03.restored,1,3,5,-58.54,-11.93,74.18,68.1,6.68,1.23,80.55,50.86,0,0
kami03_04,1,3,3,1.46,53.41,75.78,68.1,6.68,1.23,26.06,47.53,0,0
kami03_05,1,3,3,1.46,-16.93,74.87,68.1,6.68,1.23,12.7,72.59,0,0
kami03_06,1,3,3,1.46,-15.59,61.58,68.1,6.68,1.23,8.98,57.19,0,0
kami03_07,1,3,3,1.46,-9.93,56.34,68.1,6.68,1.23,16.77,46.09,0,0
kami03_70,2,3,3,3.36,-32.46,86.31,68.1,6.68,1.23,21.88,79.27,0,0
kami03_71,2,3,3,3.36,-32.46,86.31,68.1,6.68,1.23,21.88,79.27,0,0
kino00_00,1,3,4,-0.54,-15.26,67.3,68.1,6.68,1.23,42.41,55.83,0,0
kino00_01,1,3,4,28.13,-35.93,86.35,68.1,6.68,1.23,20.65,77.33,0,0
kino00_02,1,3,4,7.13,-16.26,61.28,68.1,6.68,1.23,36.08,53.95,0,0
kino00_03,1,3,4,1.46,-22.59,72.97,68.1,6.68,1.23,24.66,57,0,0
kino00_04,1,3,4,1.46,-11.26,61.63,68.1,6.68,1.23,33.65,53.77,0,0
kino00_05,1,3,5,1.46,-22.59,83.33,68.1,6.68,1.23,32.66,66.02,0,0
kino00_06,1,3,3,1.46,-18.26,75.9,68.1,6.68,1.23,15.37,68.55,0,0
kino00_70,2,3,3,2.98,-43.68,78.44,68.1,6.68,1.23,14.76,63.11,0,0
kino01_00,1,3,5,-64.54,-11.93,65.41,68.1,6.68,1.23,33.85,49.02,0,0
kino01_01,1,3,4,1.46,-27.59,75.09,68.1,6.68,1.23,27.48,64.18,0,0
kino01_02,1,3,5,29.23,15.91,75.92,68.1,6.68,1.23,14.02,34.66,0,0
kino01_03,1,3,3,0.79,-15.26,62.71,68.1,6.68,1.23,31.92,49.75,0,0
kino01_04,1,3,3,2.46,-25.59,71.47,68.1,6.68,1.23,24.37,65.24,0,0
kino01_05,1,3,3,1.46,-17.59,60.19,68.1,6.68,1.23,21.97,54.81,0,0
kino01_06,1,3,3,1.46,-12.26,63.98,68.1,6.68,1.23,21.09,57.51,0,0
kino01_70,2,3,3,2.98,-43.68,78.44,68.1,6.68,1.23,14.76,63.11,0,0
kino01_71,2,3,3,2.98,-43.68,43.31,68.1,6.68,1.23,76.26,28.93,0,0
kino01_72,2,3,3,2.98,-43.68,77.98,68.1,6.68,1.23,11.12,66.9,0,0
kino02_00,2,3,4,425.24,3243.21,126.65,68.1,6.68,1.23,25.22,33.15,-350,-300
kino03_00,2,3,3,-8.17,-12.43,78.62,68.1,6.68,1.23,36.71,66.47,0,0
kino03_01,2,3,3,-8.17,-12.43,78.62,68.1,6.68,1.23,36.71,66.47,0,0
kino03_02,2,3,3,-8.17,-12.43,78.62,68.1,6.68,1.23,36.71,66.47,0,0
kino03_03,2,3,3,-8.17,-12.43,78.62,68.1,6.68,1.23,36.71,66.47,0,0
kino03_04,2,3,3,-8.17,-12.43,78.62,68.1,6.68,1.23,36.71,66.47,0,0
kino03_05,2,3,3,-8.17,-12.43,78.62,68.1,6.68,1.23,36.71,66.47,0,0
kino03_10,1,3,4,190,3143.33,129.06,68.1,6.68,1.23,25.88,32.32,-350,-300
kino04_00,1,3,4,-8.54,-15.59,75.6,68.1,6.68,1.23,64.86,58.04,0,0
kino04_01,1,3,3,31.46,-24.26,71.91,68.1,6.68,1.23,20.62,44.59,0,0
kino04_02,1,3,4,31.46,-12.89,62.47,68.1,6.68,1.23,76.32,52.87,0,0
kino04_03,1,3,4,1.46,-16.26,86.94,68.1,6.68,1.23,61.87,54.38,0,0
kino04_04,1,3,3,1.46,-15.59,86.2,68.1,6.68,1.23,50.25,51.79,0,0
kino04_05,1,3,5,61.46,-19.93,76.89,68.1,6.68,1.23,76.21,54.75,0,0
kino04_20,1,3,5,61.46,-19.93,76.89,68.1,6.68,1.23,76.21,54.75,0,0
kino04_21,1,3,4,1.46,-11.26,73.73,68.1,6.68,1.23,83.16,50.79,0,0
kino04_22,1,3,4,1.46,-11.26,65.33,68.1,6.68,1.23,67.04,46.48,0,0
kino04_23,1,3,4,1.46,-22.26,75.16,68.1,6.68,1.23,66.31,57.44,0,0
kino04_24,1,3,4,39.63,15.15,79.63,68.1,6.68,1.23,23.81,55.66,0,0
kino04_25,1,3,4,1.46,-22.26,75.94,68.1,6.68,1.23,52.06,45.34,0,0
kino04_26,1,3,4,1.79,-17.93,84.08,68.1,6.68,1.23,80.89,55.18,0,0
kino04_27,1,3,3,1.46,-19.26,89.59,68.1,6.68,1.23,34.71,73.46,0,0
kino04_40,2,3,3,1.47,-41.78,93.3,68.1,6.68,1.23,14.37,87.49,0,0
kino05_00,1,3,3,1.46,-30.93,80.4,68.1,6.68,1.23,17.15,57.05,0,0
kino05_01,1,3,3,-0.21,-10.26,62.4,68.1,6.68,1.23,34.45,45.69,0,0
kino05_02,1,3,3,1.46,-15.59,58.54,68.1,6.68,1.23,22.41,52.08,0,0
kino05_03,1,3,3,1.13,-21.59,75.77,68.1,6.68,1.23,17.45,71.16,0,0
kino05_04,1,3,5,1.46,-15.59,67.11,68.1,6.68,1.23,37.12,60.71,-0,0
kino05_05,1,3,3,1.46,-19.23,71.09,68.1,6.68,1.23,28.3,51.15,0,0
kino05_06,1,3,3,0.46,-27.26,64.14,68.1,6.68,1.23,32.05,45.88,-0,0
kino05_07,1,3,5,0.46,-26.93,89.74,68.1,6.68,1.23,27.1,75.73,-0,0
kino05_70,2,3,1,2.98,-43.68,74.27,68.1,6.68,1.23,,60.95,0,0
kino05_71,2,3,1,2.98,-43.68,74.27,68.1,6.68,1.23,,60.95,0,0
kino07_00,1,3,5,-28.54,-32.26,77.2,68.1,6.68,1.23,29.13,70.08,0,0
kino07_01,1,3,4,39.63,15.15,71.25,68.1,6.68,1.23,12.12,28.39,0,0
kino07_02,1,3,4,1.46,-77.26,103.18,68.1,6.68,1.23,22.55,78.92,0,0
kino07_03,1,3,4,38.62,-46.89,108.19,68.1,6.68,1.23,26.57,101.86,0,0
kino07_04,1,3,4,1.46,-6.93,66.26,68.1,6.68,1.23,52.09,50.3,0,0
kino07_05,1,3,4,14.4,-63.45,77.74,68.1,6.68,1.23,12.82,62.57,0,0
klyt00_00,1,3,3,2.78,-44.63,84.25,68.1,6.68,1.23,50.63,43.07,0,2.9
klyt00_01,1,3,3,1.46,-10.93,53.65,68.1,6.68,1.23,27.76,48.28,0,0
klyt00_02,1,3,3,1.46,-15.59,67.33,68.1,6.68,1.23,25.71,57.49,0,0
klyt00_03,1,3,3,1.46,-16.26,68.45,68.1,6.68,1.23,23.29,61.67,0,0
klyt00_04,1,3,3,1.46,-22.93,73.17,68.1,6.68,1.23,22.62,68.08,0,0
klyt00_05,1,3,3,1.46,-9.93,75.54,68.1,6.68,1.23,14.2,73.76,0,0
klyt00_06,1,3,3,1.46,-5.26,58.6,68.1,6.68,1.23,23.09,55.13,0,0
klyt00_07,1,3,3,1.46,-22.59,63.1,68.1,6.68,1.23,23.05,59.2,0,0
klyt00_50,4,3,3,5.33,53.42,95.7,68.1,6.68,1.23,50.96,57.35,0,0
klyt01_00,1,3,3,22.7,545.84,102.66,68.1,6.68,1.23,60,67.95,-160,-160
klyt01_01,2,3,1,0,0,0,,,,,,0,0
klyt01_02,2,3,1,0,0,0,,,,,,0,0
klyt01_03,2,3,1,0,0,0,,,,,,0,0
klyt01_05,2,3,1,0,0,0,,,,,,0,0
klyt01_06,2,3,1,0,0,0,,,,,,0,0
lchb02_00,3,3,2,83.33,310,63.11,68.1,6.68,1.23,19.15,57.08,0,0
lchb03_00,3,3,2,320,26.67,62.99,68.1,6.68,1.23,15.94,59.16,0,0
lchb04_00,3,3,4,90,-286.67,92.96,68.1,6.68,1.23,16.67,24.01,0,0
lchb07_00,1,1,1,26,348,59.41,68.1,6.68,1.23,,59.41,-80,-80
lchb07_01,1,3,1,0.33,347,67,68.1,6.68,1.23,,13.21,-105,-105
lchb08_00,3,2,8,0,0,163.68,68.1,6.68,1.23,53.13,149.02,-560,-440
lmyt01_00,2,3,3,-34.19,-22.71,86.23,68.1,6.68,1.23,53.24,27.79,0,0
lmyt01_01,2,3,3,-34.19,-22.71,87.8,68.1,6.68,1.23,48.02,22.5,0,0
lmyt01_02,2,3,3,-34.19,-22.71,83.36,68.1,6.68,1.23,54.45,28.6,0,0
lmyt01_03,2,3,3,-34.19,-22.71,83.36,68.1,6.68,1.23,54.45,28.6,0,0
lmyt01_04,2,3,3,-34.19,-22.71,92.74,68.1,6.68,1.23,48.02,24.44,0,0
lmyt01_05,2,3,3,-34.19,-22.71,94.33,68.1,6.68,1.23,11.56,13.48,0,0
lmyt01_06,2,3,3,-34.19,-22.71,86.55,68.1,6.68,1.23,60.11,36.43,0,0
lmyt01_07,2,3,4,-34.19,-22.71,102.01,68.1,6.68,1.23,11.64,20.28,0,0
maca00_00,1,3,4,3.13,-3.59,62.05,68.1,6.68,1.23,35.92,53.02,0,0
maca00_01,1,3,4,-12.21,-26.26,75.59,68.1,6.68,1.23,27.39,47.88,0,0
maca00_02,1,3,4,39.63,15.15,68.81,68.1,6.68,1.23,11.9,32.6,0,0
maca02_00,1,3,2,115.05,-427.4,68.68,68.1,6.68,1.23,9.9,51.12,0,0
maca02_01,2,3,3,148.65,-453.38,103.91,68.1,6.68,1.23,20.25,64.97,-0.05,0
maca02_02,2,3,3,-8.17,-12.43,78.62,68.1,6.68,1.23,36.71,66.47,0,0
maca02_03,2,3,3,-8.17,-12.43,78.62,68.1,6.68,1.23,36.71,66.47,0,0
maca02_04,2,3,3,-8.17,-12.43,78.62,68.1,6.68,1.23,36.71,66.47,0,0
maca03_00,1,3,5,10.83,2.07,60.02,68.1,6.68,1.23,36.37,53.85,0,0
maca03_01,1,3,5,1.46,-7.96,63.81,68.1,6.68,1.23,38.18,52.51,0,0
maca03_02,1,3,5,-2.87,-0.76,58.25,68.1,6.68,1.23,34.35,52.57,0,0
maca03_20,1,3,3,21.29,-1.85,71.2,68.1,6.68,1.23,18.4,26.9,0,0
maca03_21,1,3,3,1.46,-16.93,68.43,68.1,6.68,1.23,28.31,56.92,0,0
maca03_22,1,3,3,11.79,2.14,71.93,68.1,6.68,1.23,43.78,54.87,0,0
mcfr00_00,1,3,4,-28.54,-15.59,61.64,68.1,6.68,1.23,26.2,56.06,0,0
mcfr00_01,1,3,4,41.63,16.15,74.99,68.1,6.68,1.23,17.76,35.57,0,0
mcfr00_02,1,3,5,-2.87,-17.06,64.97,68.1,6.68,1.23,25.39,58.76,0,0
mcfr00_03,1,3,3,1.46,-13.59,70.24,68.1,6.68,1.23,26.65,61.43,0,0
mcfr00_04,1,3,4,-8.54,-40.26,81.69,68.1,6.68,1.23,22.27,59.49,0,0
mcfr00_05,1,3,4,1.46,-28.93,81.44,68.1,6.68,1.23,29.7,65.98,0,0
mcfr03_00,1,3,1,0,81.67,58.33,68.1,6.68,1.23,,37.69,-14,-14
mcyt00_00,1,3,5,-10.87,19.74,53.55,68.1,6.68,1.23,74.38,42.14,0,0
mcyt00_01,1,3,5,26.63,-9.85,65.76,68.1,6.68,1.23,27.02,51.4,0,0
mcyt00_02,1,3,5,12.91,-7.61,62.54,68.1,6.68,1.23,26.93,58.04,0,0
mcyt00_20,1,3,3,21.29,-1.85,71.2,68.1,6.68,1.23,18.4,26.9,0,0
mcyt00_21,1,3,3,1.46,-16.93,68.43,68.1,6.68,1.23,28.31,56.92,0,0
mcyt00_22,1,3,3,1.46,-16.93,89.27,68.1,6.68,1.23,42.5,72.74,0,0
mcyt00_70,1,3,1,6.06,-30.08,87.95,68.1,6.68,1.23,,81.26,0,0
mcyt06_00,5,3,4,3.67,-46.33,76.88,68.1,6.68,1.23,21.46,60.12,0,0
mihn00_00,1,3,3,1.46,-34.26,73.24,68.1,6.68,1.23,26.15,58.69,0,0
mihn00_01,1,3,3,1.13,-13.93,70.63,68.1,6.68,1.23,36.03,39.95,0,0
mihn00_02,1,3,3,11.79,-6.93,68.17,68.1,6.68,1.23,44.43,53.78,0,0
mihn00_03,1,3,3,1.46,-8.93,57.2,68.1,6.68,1.23,26.83,47.16,0,0
mihn00_04,1,3,3,-0.87,-15.59,54.57,68.1,6.68,1.23,15.08,52.74,0,0
mihn00_05,1,3,3,-2.87,-18.26,76.35,68.1,6.68,1.23,14.02,71.52,0,0
mihn00_06,2,3,3,44.4,-6.14,34.4,68.1,6.68,1.23,43.63,28.97,0,0
mihn00_07,2,3,3,-8.58,-9.19,66.54,68.1,6.68,1.23,31.52,55.77,0,0
mihn00_20,1,3,3,1.46,-23.93,84.98,68.1,6.68,1.23,16.65,76.9,0,0
mihn00_21,1,3,3,1.46,-16.89,62.16,68.1,6.68,1.23,36.67,52.36,0,0
mihn00_22,1,3,3,3.46,-14.26,68.26,68.1,6.68,1.23,22.21,59.33,0,0
mihn00_23,1,3,3,0.46,-26.26,73.41,68.1,6.68,1.23,21.26,61.98,0,0
mihn00_50,4,3,3,44.67,79,109.3,68.1,6.68,1.23,0.73,39.11,0,0
mihn00_60,2,3,3,1.47,-41.78,114.95,68.1,6.68,1.23,19.83,97.66,0,0
mihn02_00,5,3,1,160,60,80,68.1,6.68,1.23,,43.1,0,0
mihn04_00,1,3,5,1.46,-21.93,60.2,68.1,6.68,1.23,38.09,46.83,-0,0
mihn04_01,1,3,5,1.46,-29.93,78.39,68.1,6.68,1.23,26.8,67.22,0,0
mihn04_02,1,3,5,0.46,-23.93,68.55,68.1,6.68,1.23,38.25,54.24,0,0
mihn04_03,1,3,5,56.79,-4.26,74.58,68.1,6.68,1.23,40.83,63.75,-0,0
mihn04_04,1,3,4,0.46,-18.93,65.34,68.1,6.68,1.23,34.24,58.5,-0,0
mihn04_05,1,3,5,1.46,-15.59,76.71,68.1,6.68,1.23,32.72,53.48,-0,0
mihn04_06,1,3,5,61.46,-23.93,89.21,68.1,6.68,1.23,31.11,50.74,0,0
mihn04_07,1,3,5,1.46,-15.59,85.06,68.1,6.68,1.23,37.63,69.78,-0,0
mihn04_20,1,3,5,1.46,-23.93,68.78,68.1,6.68,1.23,44.04,57.56,-0,0
mihn04_21,1,3,3,1.46,-15.59,74.99,68.1,6.68,1.23,32.8,68.23,0,0
mihn04_22,1,3,3,1.46,-15.59,65.26,68.1,6.68,1.23,31.57,52.88,0,0
mihn04_23,1,3,3,-8.54,-15.59,57.07,68.1,6.68,1.23,17.32,53.12,0,0
mihn04_24,1,3,5,1.46,-21.26,78.74,68.1,6.68,1.23,16.63,76.88,-0,0
mihn04_25,1,3,5,1.46,-19.59,75.16,68.1,6.68,1.23,35.6,64.21,-0,0
mihn04_26,1,3,5,2.13,-24.59,76.75,68.1,6.68,1.23,30.49,70.88,-0,0
mihn04_27,1,3,3,1.46,-22.59,72.87,68.1,6.68,1.23,29.56,42.88,0,0
mihn05_00,2,3,5,-8.58,-9.19,74.42,68.1,6.68,1.23,31.52,65.66,-0,0
mihn05_01,2,3,5,4.44,-21.7,68.08,68.1,6.68,1.23,33.35,56.66,-0,0
mihn05_02,2,3,5,-18.33,7.05,73.04,68.1,6.68,1.23,22.17,47.72,-0,0
mihn05_03,2,3,5,18.93,-21.4,91.46,68.1,6.68,1.23,30.94,83.54,-0,0
mihn05_04,2,3,5,-8.58,-9.19,72.44,68.1,6.68,1.23,33.06,62.6,-0,0
mihn05_05,2,3,5,4.44,-21.7,79.63,68.1,6.68,1.23,24.73,63.65,-0,0
mihn05_06,2,3,5,44.4,-6.14,79.11,68.1,6.68,1.23,28.17,71.52,-0,-0
mihn05_07,2,3,5,-8.58,-9.19,68.23,68.1,6.68,1.23,31.52,58.64,-0,0
mihn07_00,1,3,5,1.46,-15.99,67.04,68.1,6.68,1.23,51.55,48.43,-0,0
mihn07_01,1,3,3,1.46,-15.59,63.86,68.1,6.68,1.23,26.15,54.74,0,0
mihn07_02,1,3,3,11.79,-11.26,65.58,68.1,6.68,1.23,28.4,56.43,0,0
mihn07_03,1,3,3,1.46,-24.59,64.19,68.1,6.68,1.23,25.2,53.5,0,0
mihn07_04,1,3,5,14.13,-62.26,78.9,68.1,6.68,1.23,28.75,60.37,-0,0
mihn07_05,1,3,5,6.79,-18.93,69.99,68.1,6.68,1.23,33.41,60.59,-0,0
mihn07_06,1,3,3,-0.54,-15.59,77.72,68.1,6.68,1.23,33.48,68.36,0,0
mihn07_07,1,3,5,1.46,-15.26,52.04,68.1,6.68,1.23,36.48,42.83,-0,0
mihn07_20,1,3,3,1.46,-15.59,74.21,68.1,6.68,1.23,14.97,70.69,0,0
mihn07_21,1,3,3,1.46,-17.23,68.25,68.1,6.68,1.23,23.72,60.7,0,0
mihn07_22,1,3,3,1.46,-14.26,67.89,68.1,6.68,1.23,25.94,63.5,0,0
mihn07_23,1,3,3,0.46,-12.93,58.71,68.1,6.68,1.23,28.66,50.99,0,0
mtgz01_00,1,3,3,1.46,-11.26,71.21,68.1,6.68,1.23,36.53,50.38,0,0
mtgz01_01,1,3,3,32.63,-61.52,62.47,68.1,6.68,1.23,16.44,50.93,0,0
mtgz01_02,1,3,3,1.46,-17.59,68.02,68.1,6.68,1.23,28.82,54.11,0,0
mtgz01_03,1,3,3,1.46,-17.26,67.69,68.1,6.68,1.23,31.05,58.75,0,0
mtgz01_04,1,3,5,-22.04,84.12,56.43,68.1,6.68,1.23,17.86,22.27,0,0
mtgz01_05,1,3,4,26.29,5.94,62.95,68.1,6.68,1.23,12.26,28.43,0,0
mtgz01_10,2,3,2,0,0,82.46,68.1,6.68,1.23,14.04,79.99,0,0
mtgz01_70,1,3,1,-33.86,-39.26,107.75,68.1,6.68,1.23,,50.53,0,0
mtgz02_00,1,3,2,-73,-135.33,112.78,68.1,6.68,1.23,0,73.76,-16,-16
mtgz06_00,1,3,3,1.46,-18.59,63.1,68.1,6.68,1.23,40.46,48.55,0,0
mtgz06_01,1,3,3,31.46,-27.93,75.56,68.1,6.68,1.23,30.97,31.98,0,0
mtgz06_02,1,3,3,1.46,-21.26,82.03,68.1,6.68,1.23,19.29,75.08,0,0
mtgz06_03,1,3,3,-23.21,-22.93,85.52,68.1,6.68,1.23,14.31,74.79,0,0
mtgz06_04,1,3,3,41.46,-17.59,77.92,68.1,6.68,1.23,44.24,39.97,0,0
mtgz06_05,1,3,3,1.46,-27.59,63.67,68.1,6.68,1.23,31,50.51,0,0
mtgz06_06,1,3,3,31.46,-21.26,64.8,68.1,6.68,1.23,30.47,35.26,0,0
mtgz07_00,1,3,3,1.46,-25.26,71.66,68.1,6.68,1.23,30.76,52.42,-36,-26.9
mtgz07_01,1,3,3,1.46,-16.93,59.44,68.1,6.68,1.23,27.9,54.74,-36,-26.9
mtgz07_02,1,3,4,1.46,-20.93,64.87,68.1,6.68,1.23,30.36,51.68,-30,-30
mtgz07_03,1,3,4,33.95,0.02,69.39,68.1,6.68,1.23,8.94,22.6,-35,-25
mtgz08_00,4,3,1,1175.1,-1137.92,108.39,68.1,6.68,1.23,,72.01,-30.05,-30.05
nagi00_00,1,3,5,14.46,-32.26,58.89,,,,31.85,20.14,0,0
nagi00_01,1,3,5,1.46,-15.59,53.54,,,,37.88,21.69,0,0
nagi00_02,1,3,5,1.46,-16.59,47.73,,,,36.84,22.29,0,0
nagi00_03,1,3,5,15.13,-12.26,54.62,,,,42.5,27.19,0,0
nagi00_04,1,3,5,1.46,-16.59,52.18,,,,36.84,21.34,0,0
nagi00_05,1,3,5,1.46,-22.26,69.45,,,,31.77,22.89,0,0
nagi00_06,1,3,6,1.46,-23.59,69.61,68.1,6.68,1.23,35.11,61.68,0,0
nagi00_20,1,3,3,39.63,15.15,68.15,68.1,6.68,1.23,14.04,36.47,0,0
nagi00_21,1,3,3,1.46,-9.26,58.39,68.1,6.68,1.23,34.79,49.78,0,0
nagi00_22,1,3,3,1.46,-14.59,57.66,68.1,6.68,1.23,28.97,44.24,0,0
nagi00_23,1,3,4,1.46,-12.59,64.93,68.1,6.68,1.23,41.06,42.7,0,0
nagi00_24,1,3,3,-8.54,-22.93,66.69,68.1,6.68,1.23,22.6,62.29,0,0
nagi00_25,1,3,3,1.46,-10.59,75,68.1,6.68,1.23,28.38,66.97,0,0
nagi00_26,1,3,3,1.46,-15.59,68.87,68.1,6.68,1.23,25.04,61.48,0,0
nagi00_27,1,3,3,31.46,-27.26,63.93,68.1,6.68,1.23,22.92,46.82,0,0
nagi00_28,1,3,6,1.46,-23.59,69.61,68.1,6.68,1.23,35.11,61.68,0,0
nagi00_29,1,3,6,1.46,-24.93,76.67,68.1,6.68,1.23,15.54,68.66,0,0
nagi00_40,2,3,3,1.47,-41.78,114.95,68.1,6.68,1.23,19.83,97.66,0,0
nagi01_00,2,3,3,-12.64,-7.81,73.75,68.1,6.68,1.23,21.16,70.09,0,0
nagi03_00,2,3,3,-8.17,-12.43,78.62,68.1,6.68,1.23,36.71,66.47,0,0
nagi03_01,2,3,3,-8.17,-12.43,78.62,68.1,6.68,1.23,36.71,66.47,0,0
nagi03_02,2,3,3,-8.17,-12.43,78.62,68.1,6.68,1.23,36.71,66.47,0,0
nagi04_00,1,3,3,-1.54,-22.59,64.64,68.1,6.68,1.23,38.76,48.2,0,0
nagi04_01,1,3,3,32.63,-71.52,63.94,68.1,6.68,1.23,17.12,56.61,0,0
nagi04_02,1,3,3,-30.95,11.76,63.37,68.1,6.68,1.23,35.32,25.97,0,0
nagi05_00,1,3,3,39.29,15.15,63.71,68.1,6.68,1.23,18.22,34.25,0,0
nagi05_01,1,3,3,38.29,-71.52,70.79,68.1,6.68,1.23,15.92,64.94,0,0
nagi05_02,1,3,3,1.46,-15.59,60.69,68.1,6.68,1.23,26.68,55.83,0,0
nagi05_03,1,3,3,1.46,-22.26,61.42,68.1,6.68,1.23,25.02,50.13,0,0
nagi05_04,1,3,3,51.46,-14.59,89.78,68.1,6.68,1.23,7.1,64.48,0,0
nagi05_05,1,3,3,1.46,-26.93,70.47,68.1,6.68,1.23,33.79,59.84,0,0
nagi05_06,1,3,6,1.46,-23.59,66.45,68.1,6.68,1.23,0,61.66,0,0
nagi05_10,1,3,6,2.46,-31.59,74.28,68.1,6.68,1.23,17.46,66.05,0,0
nagi05_20,1,3,3,1.46,-15.59,73.45,68.1,6.68,1.23,20.07,67.81,0,0
nagi05_21,1,3,3,1.46,-8.93,67.63,68.1,6.68,1.23,34.96,56.98,0,0
nagi05_22,1,3,5,1.46,-24.93,93.82,68.1,6.68,1.23,32.27,81.7,0,0
nagi05_23,1,3,4,1.46,-20.93,70.42,68.1,6.68,1.23,28.79,60.17,0,0
nagi05_24,1,3,6,1.46,-15.59,77.54,68.1,6.68,1.23,1.11,75.71,0,0
nagi05_25,1,3,5,1.46,-24.93,65.35,68.1,6.68,1.23,24.53,60.62,0,0
nagi05_46,1,3,5,1.46,-15.59,56.6,68.1,6.68,1.23,28.27,52.92,0,0
nagi05_50,1,3,5,1.46,-23.59,76.37,68.1,6.68,1.23,24.88,67.22,0,0
nagi05_70,1,3,6,1.07,-31.9,74.58,68.1,6.68,1.23,17.52,65.85,0,0
nagi05_71,1,3,6,1.07,-31.9,74.58,68.1,6.68,1.23,17.52,65.85,0,0
nagi05_72,1,3,6,1.07,-31.9,74.58,68.1,6.68,1.23,17.52,65.85,0,0
nagi05_73,1,3,6,1.07,-31.9,74.58,68.1,6.68,1.23,17.52,65.85,0,0
nagi05_74,1,3,6,1.07,-31.9,74.58,68.1,6.68,1.23,17.52,65.85,0,0
omeg00_00,1,3,4,1.46,-24.59,93.09,68.1,6.68,1.23,42.78,77.18,0,0
omeg00_01,1,3,4,1.46,-18.59,67.61,68.1,6.68,1.23,36.86,58.54,0,0
omeg00_02,1,3,4,1.46,-20.93,88.33,68.1,6.68,1.23,42.02,73.61,0,0
omeg00_03,1,3,4,1.46,-12.93,72.87,68.1,6.68,1.23,35.06,60.2,0,0
omeg00_04,1,3,4,-15.15,37.2,38.43,68.1,6.68,1.23,56.47,29.7,0,0
omeg00_05,1,3,6,1.46,-15.59,77.54,68.1,6.68,1.23,1.11,75.71,0,0
omeg00_06,1,3,4,-43.38,10.53,70.52,68.1,6.68,1.23,32.88,45.58,0,0
omeg00_07,1,3,4,1.46,-12.93,73.33,68.1,6.68,1.23,38.65,59.84,0,0
omeg00_08,1,3,4,1.46,-12.93,83.7,68.1,6.68,1.23,45.92,65.68,0,0
omeg00_09,1,3,4,1.46,-19.59,84.85,68.1,6.68,1.23,41.54,71.42,0,0
omeg00_10,1,3,4,-43.38,10.53,70.52,68.1,6.68,1.23,32.88,45.58,0,0
omeg00_11,1,3,4,1.46,-17.59,81.68,68.1,6.68,1.23,27.88,73.78,0,0
omeg00_12,1,3,4,1.46,-12.93,74.06,68.1,6.68,1.23,36.91,60.2,0,0
omeg00_13,1,3,4,1.46,-12.93,73.41,68.1,6.68,1.23,36.91,60.66,0,0
omeg00_14,1,3,4,1.46,-12.93,73.41,68.1,6.68,1.23,36.91,60.66,0,0
omeg00_15,1,3,4,1.46,-12.93,82.43,68.1,6.68,1.23,36.91,69.03,0,0
omeg00_16,1,3,4,1.46,-12.93,73.41,68.1,6.68,1.23,36.91,60.66,0,0
omeg00_17,1,3,4,1.46,-12.93,73.33,68.1,6.68,1.23,38.65,59.84,0,0
omeg00_18,1,3,3,1.46,-15.59,73.45,68.1,6.68,1.23,20.07,67.81,0,0
omeg01_00,1,3,4,1.46,-19.59,84.85,68.1,6.68,1.23,41.54,71.42,0,0
omeg01_01,1,3,4,-15.15,37.2,38.43,68.1,6.68,1.23,56.47,29.7,0,0
omeg01_02,1,3,4,1.46,-17.59,81.68,68.1,6.68,1.23,27.88,73.78,0,0
omeg01_03,1,3,6,1.46,-15.59,77.54,68.1,6.68,1.23,1.11,75.71,0,0
omeg01_04,1,3,3,-1.54,-31.26,104.02,68.1,6.68,1.23,22.54,88.81,0,0
omeg01_05,1,3,4,1.46,-12.93,83.7,68.1,6.68,1.23,45.92,65.68,0,0
omeg01_06,1,3,4,1.46,-12.93,78.37,68.1,6.68,1.23,40.79,63.97,0,0
omeg01_07,1,3,4,-43.38,10.53,70.52,68.1,6.68,1.23,32.88,45.58,0,0
omeg01_08,1,3,4,1.46,-12.93,73.33,68.1,6.68,1.23,38.65,59.84,0,0
omeg01_10,2,3,3,79.62,-16.27,123.98,68.1,6.68,1.23,20.02,63.16,0,0
sins02_00,1,3,3,1.46,-20.93,117.49,68.1,6.68,1.23,30.22,103.54,0,0
sins02_01,1,3,4,1.46,-24.26,76.12,68.1,6.68,1.23,34.09,60.41,0,0
sins02_02,1,3,3,-1.87,-31.26,102.42,68.1,6.68,1.23,14.8,90.9,0,0
sins02_03,1,3,3,-1.54,-31.26,104.02,68.1,6.68,1.23,22.54,88.81,0,0
sins02_04,1,3,3,12.62,47.27,60.92,68.1,6.68,1.23,36.37,49.78,0,0
sins03_00,4,3,6,-0.52,-20.01,206.72,68.1,6.68,1.23,25.7,190.27,-157,37
sins04_00,1,3,4,1.46,-25.93,71.03,68.1,6.68,1.23,48.1,54.19,0,0
sins04_01,1,3,4,1.79,-29.59,94.95,68.1,6.68,1.23,19.46,91.15,0,0
sins04_02,1,3,4,1.46,-13.59,78.05,68.1,6.68,1.23,29.12,69.74,0,0
sins04_03,1,3,4,1.46,-34.26,95.59,68.1,6.68,1.23,13.14,90.09,0,0
sins04_04,1,3,4,1.46,-12.93,77.83,68.1,6.68,1.23,34.41,68,0,0
sins04_05,1,3,4,22.46,-27.59,94.47,68.1,6.68,1.23,23.64,86.16,0,0
sins04_06,1,3,4,1.46,-25.59,86.96,68.1,6.68,1.23,15.36,81.88,0,0
sins04_07,1,3,3,1.46,-15.59,73.45,68.1,6.68,1.23,20.07,67.81,0,0
sins05_00,1,3,4,-15.15,23.87,47.06,68.1,6.68,1.23,70.82,41.14,0,0
sins05_01,1,3,4,-4.54,-25.26,92.24,68.1,6.68,1.23,28.81,77.48,0,0
sins05_02,1,3,4,1.46,-26.59,90.74,68.1,6.68,1.23,21.42,82.24,0,0
sins05_03,1,3,4,1.46,-19.26,82.26,68.1,6.68,1.23,38.49,72.03,0,0
sins05_04,1,3,4,1.46,-32.59,102.15,68.1,6.68,1.23,26.31,89.03,0,0
sins05_05,1,3,4,-80.38,-0.13,86.99,68.1,6.68,1.23,26.13,46.84,0,0
sins05_06,1,3,3,1.46,-15.59,73.45,68.1,6.68,1.23,20.07,67.81,0,0
sins05_07,1,3,4,-15.15,37.2,38.43,68.1,6.68,1.23,56.47,29.7,0,0
sins06_00,1,3,3,0,-52,145.84,68.1,6.68,1.23,20.32,109.25,0,0
sins07_00,1,3,4,73.33,0,84.04,68.1,6.68,1.23,19.64,37.62,-35,-10.1
sins07_01,1,3,4,73.33,0,84.04,68.1,6.68,1.23,19.64,37.62,-35,-10.1
sins07_02,1,3,4,73.33,0,84.04,68.1,6.68,1.23,19.64,37.62,-35,-10.1
sins07_03,1,3,4,73.33,0,84.04,68.1,6.68,1.23,19.64,37.62,-35,-10.1
sins07_04,1,3,4,73.33,0,84.04,68.1,6.68,1.23,19.64,37.62,-35,-10.1
sins07_05,1,3,4,73.33,0,84.04,68.1,6.68,1.23,19.64,37.62,-35,-10.09
sins07_06,1,3,5,73.33,0,81.75,68.1,6.68,1.23,19.64,30.74,-35,-10.1
sins07_07,1,3,6,73.33,0,84.59,68.1,6.68,1.23,6.75,31.57,-35,-10.1
sins07_10,1,3,4,73.33,0,84.04,68.1,6.68,1.23,19.64,37.62,-35,0
slik02_00,2,3,8,1,130.58,345.24,68.1,6.68,1.23,62.5,220.06,-60,-20
slik02_01,2,2,5,0,-120,91.22,68.1,6.68,1.23,34.69,42.71,-124,-84
ssbt00_00,2,3,3,31.42,131.77,453.97,68.1,6.68,1.23,51.14,440.69,-440,0
ssbt01_00,2,3,3,-30.4,138.04,454.84,68.1,6.68,1.23,6.94,299.1,-440,0
ssbt02_00,2,3,3,1,-97,132.78,68.1,6.68,1.23,9.45,83.62,-45,0
ssbt03_00,2,3,4,1,-0.33,897.17,68.1,6.68,1.23,0,896.92,-30,70
stbv00_00,1,3,3,1.46,-11.93,54.8,68.1,6.68,1.23,19.94,51.77,-100,-95
stbv00_01,1,3,4,1.46,-12.26,62.05,68.1,6.68,1.23,39.22,51.75,-110,-90
stbv00_02,1,3,4,25.82,10.1,65.43,68.1,6.68,1.23,19.16,31.02,-108,-100
stbv00_03,1,3,4,25.82,10.1,69.81,68.1,6.68,1.23,15.52,34.07,-108,-100
stbv00_04,1,3,4,25.82,10.1,64.87,68.1,6.68,1.23,7.01,23.59,-108,-100
stbv00_10,1,3,4,998,-1444,77,68.1,6.68,1.23,25,55.2,-58,-10
stbv00_11,1,3,4,569,-828,78.18,68.1,6.68,1.23,66.39,44,-53,-10
stbv00_12,1,3,4,361.85,-274.18,207.08,68.1,6.68,1.23,1.45,136.76,-92,-35
stbv01_00,1,3,6,1.46,-25.59,61.9,68.1,6.68,1.23,36,48.37,0,0
stbv01_01,2,3,3,-2.87,-84.38,99.65,68.1,6.68,1.23,17.91,58.49,0,0
stbv01_02,2,3,3,-2.87,-84.38,133.19,68.1,6.68,1.23,10.42,88.84,0,0
stbv01_10,1,3,2,0,-21,73.24,68.1,6.68,1.23,3.4,70.64,0,0
system_00,2,3,3,1.21,-18.7,50.09,68.1,6.68,1.23,26.67,38.33,0,0
system_01,0,0,0,,,,,,,,,,
test00_00,1,5,3,10.98,547.91,102.97,68.1,6.68,1.23,63.04,71.34,-160,-160
test00_01,2,3,4,396.97,3258.39,139.64,68.1,6.68,1.23,23.43,37.8,-350,-300
test00_02,2,3,3,42.11,5.36,80.27,68.1,6.68,1.23,10.02,23.22,0,0
test00_03,2,3,4,56.75,-14.46,89.93,68.1,6.68,1.23,34.93,80.68,0,0
test00_04,2,3,3,1.21,-18.7,50.09,68.1,6.68,1.23,26.67,38.33,0,0
test00_05,2,3,3,26.67,138,480.72,68.1,6.68,1.23,61.69,458.79,-520,0
test00_06,2,3,3,1.21,-18.7,50.09,68.1,6.68,1.23,26.67,38.33,0,0
test00_07,2,3,4,-20,80,288.55,68.1,6.68,1.23,14.8,199.44,-35,25
test00_08,2,12,7,2.82,-9.48,79.51,68.1,6.68,1.23,68.09,77.02,0,0
test00_09,2,3,3,-22.93,-12.62,69.26,68.1,6.68,1.23,40.58,49.23,0,0
test00_10,2,3,3,-5.47,-36.1,87.07,68.1,6.68,1.23,32.27,57.97,0,0
test00_11,2,3,4,31.54,-22.76,116.75,68.1,6.68,1.23,10.23,55.63,-40,-40
test00_12,2,3,4,25.6,-16.93,88.15,68.1,6.68,1.23,45.04,72.74,0,0
test00_13,2,3,3,37.4,-105.96,93.49,68.1,6.68,1.23,13.58,85.93,-30,-30
test10_00,2,3,3,-34.19,-22.71,86.23,68.1,6.68,1.23,53.24,27.79,0,0
test10_01,1,3,3,-3.54,37.74,41.82,68.1,6.68,1.23,45.42,26.52,0,0
test10_02,1,3,3,-51.24,1.27,78.2,68.1,6.68,1.23,32.53,27.33,0,0
test10_03,1,3,3,0,81.67,78.33,68.1,6.68,1.23,0,50.62,-14,-14
test10_04,1,3,3,1.46,-22.93,71.25,68.1,6.68,1.23,22.26,66.4,0,0
test10_05,1,3,3,1.46,-9.93,75.54,68.1,6.68,1.23,14.2,73.76,0,0
test10_06,1,3,3,1.46,-5.26,58.6,68.1,6.68,1.23,23.09,55.13,0,0
test10_07,1,3,4,1.46,-12.93,61.62,68.1,6.68,1.23,18.75,57.41,0,0
test10_08,1,3,3,18.13,-18.39,59.52,68.1,6.68,1.23,26.48,54.36,0,0
test10_09,1,3,3,1.46,-12.93,57.42,68.1,6.68,1.23,25.2,52.3,0,0
test11_00,1,3,3,0,-55,73.46,68.1,6.68,1.23,50.46,42.01,0,2.9
test11_01,2,3,3,22.3,-25.48,68.59,68.1,6.68,1.23,87.13,65.9,0,0
test11_02,1,3,3,7.13,-16.26,53.79,68.1,6.68,1.23,26.35,47.05,0,0
test11_03,1,3,3,1.46,-24.59,64.19,68.1,6.68,1.23,25.2,53.5,0,0
test11_04,2,3,3,-4.83,17.36,54.91,68.1,6.68,1.23,39.15,44.5,0,0
test11_05,2,3,3,-26.61,-27.84,114.17,68.1,6.68,1.23,32.45,78.62,0,0
test11_06,2,3,3,-26.61,-27.84,114.17,68.1,6.68,1.23,32.45,78.62,0,0
test11_07,2,3,3,-26.61,-27.84,114.17,68.1,6.68,1.23,32.45,78.62,0,0
test11_08,2,3,3,-26.61,-27.84,114.17,68.1,6.68,1.23,32.45,78.62,0,0
test11_09,2,3,3,-26.61,-27.84,114.17,68.1,6.68,1.23,32.45,78.62,0,0
tori00_00,1,3,4,1.46,-17.93,63.1,68.1,6.68,1.23,36.74,47.08,0,0
tori00_01,1,3,3,1.46,-18.56,59.84,68.1,6.68,1.23,29.21,53.64,0,0
tori00_02,1,3,3,16.46,-14.59,70.03,68.1,6.68,1.23,31.43,62.68,0,0
tori00_03,1,3,3,-14.54,-12.59,69.49,68.1,6.68,1.23,30.4,58.18,0,0
tori01_20,1,3,5,14.46,-32.26,58.89,,,,31.85,20.14,0,0
tori01_21,1,3,3,1.46,-15.59,67.42,68.1,6.68,1.23,28.12,57.9,0,0
tori01_22,1,3,5,1.46,-16.59,47.73,,,,36.84,22.29,0,0
tori01_23,1,3,5,1.46,-12.59,57.86,,,,47.25,33.7,0,0
tori01_24,1,3,5,-8.54,-22.93,56.24,,,,38.34,20.74,0,0
tori01_25,1,3,5,1.46,-10.59,56.59,,,,43.88,21.69,0,0
tori01_26,1,3,5,1.46,-15.59,54.42,,,,37.88,22.3,0,0
tori01_27,1,3,5,31.46,-27.26,57.7,,,,40.15,19.87,0,0
tori01_28,1,3,6,1.46,-23.59,69.61,68.1,6.68,1.23,35.11,61.68,0,0
tori01_29,1,3,6,1.46,-24.93,76.67,68.1,6.68,1.23,15.54,68.66,0,0
tori02_20,1,3,3,39.63,15.15,68.15,68.1,6.68,1.23,14.04,36.47,0,0
tori02_21,1,3,3,1.46,-9.26,58.39,68.1,6.68,1.23,34.79,49.78,0,0
tori02_22,1,3,3,1.46,-14.59,57.66,68.1,6.68,1.23,28.97,44.24,0,0
tori02_23,1,3,4,15.13,-12.26,58.6,68.1,6.68,1.23,39.35,50.44,0,0
tori02_24,1,3,5,-8.54,-22.93,56.24,,,,38.34,20.74,0,0
tori02_25,1,3,5,1.46,-22.26,69.45,,,,31.77,22.89,0,0
tori02_26,1,3,5,1.46,-15.59,54.42,,,,37.88,22.3,0,0
tori02_27,1,3,5,31.46,-27.26,57.7,,,,40.15,19.87,0,0
tori02_28,1,3,6,1.46,-23.59,69.61,68.1,6.68,1.23,35.11,61.68,0,0
tori02_29,1,3,6,1.46,-24.93,76.67,68.1,6.68,1.23,15.54,68.66,0,0
tori03_20,1,3,3,14.46,-32.26,66.55,68.1,6.68,1.23,26.94,52.31,0,0
tori03_21,1,3,3,1.46,-9.26,58.39,68.1,6.68,1.23,34.79,49.78,0,0
tori03_22,1,3,3,1.46,-14.59,57.66,68.1,6.68,1.23,28.97,44.24,0,0
tori03_23,1,3,4,15.13,-12.26,58.6,68.1,6.68,1.23,39.35,50.44,0,0
tori03_24,1,3,3,1.46,-16.59,64.63,68.1,6.68,1.23,27.7,56.28,0,0
tori03_25,1,3,3,1.46,-22.26,90.3,68.1,6.68,1.23,23.88,76.85,0,0
tori03_26,1,3,3,1.46,-15.59,68.87,68.1,6.68,1.23,25.04,61.48,0,0
tori03_27,1,3,3,31.46,-27.26,63.93,68.1,6.68,1.23,22.92,46.82,0,0
tori03_28,1,3,6,1.46,-23.59,69.61,68.1,6.68,1.23,35.11,61.68,0,0
tori03_29,1,3,6,1.46,-24.93,76.67,68.1,6.68,1.23,15.54,68.66,0,0
zkrn02_00,1,3,3,-8.17,-7.76,74.33,68.1,6.68,1.23,31.26,66.65,0,0
zkrn02_01,1,3,4,1.46,-17.93,60.65,68.1,6.68,1.23,22.15,56.94,0,0
zkrn02_02,1,3,4,1.46,-23.93,76.68,68.1,6.68,1.23,33.55,66.92,0,0
zkrn02_03,1,3,4,1.46,-18.93,77.97,68.1,6.68,1.23,37.38,64.58,0,0
zkrn02_04,1,3,4,1.46,-22.26,74.21,68.1,6.68,1.23,20.51,71.79,0,0
znkd08_00,2,8,13,-79.68,42.47,81.3,68.1,6.68,1.23,3.64,34.05,-100,0
znkd08_01,4,3,8,763.13,-64.88,67.49,68.1,6.68,1.23,62.96,36.43,-42,-42
znkd09_00,4,3,15,227.72,28.62,97.22,68.1,6.68,1.23,13.12,35.29,-15.5,0
zzzz00_00,1,3,1,1.46,-15.59,90.4,68.1,6.68,1.23,,83.72,0,0
zzzz00_01,1,3,1,1.46,-15.59,63.78,68.1,6.68,1.23,,57.55,0,0
zzzz00_02,1,3,1,1.46,-15.59,63.78,68.1,6.68,1.23,,57.55,0,0
zzzz00_03,1,3,1,1.46,-15.59,63.78,68.1,6.68,1.23,,57.55,0,0
zzzz00_04,1,3,1,1.46,-15.59,63.78,68.1,6.68,1.23,,57.55,0,0
zzzz00_05,1,3,1,1.46,-15.59,63.78,68.1,6.68,1.23,,57.55,0,0
zzzz00_06,1,3,1,1.46,-15.59,63.78,68.1,6.68,1.23,,57.55,0,0
zzzz00_07,1,3,1,1.46,-15.59,63.78,68.1,6.68,1.23,,57.55,0,0
zzzz00_08,1,3,1,1.46,-15.59,63.78,68.1,6.68,1.23,,57.55,0,0
zzzz00_09,1,3,1,1.46,-15.59,63.78,68.1,6.68,1.23,,57.55,0,0
zzzz00_10,1,3,1,1.46,-15.59,63.78,68.1,6.68,1.23,,57.55,0,0
zzzz00_100,1,3,1,1.46,-15.59,90.4,68.1,6.68,1.23,,83.72,0,0
zzzz00_101,1,3,1,1.46,-15.59,90.4,68.1,6.68,1.23,,83.72,0,0
zzzz00_102,1,3,1,1.46,-15.59,90.4,68.1,6.68,1.23,,83.72,0,0
zzzz00_103,1,3,1,1.46,-15.59,90.4,68.1,6.68,1.23,,83.72,0,0
zzzz00_104,1,3,1,1.46,-15.59,90.4,68.1,6.68,1.23,,83.72,0,0
zzzz00_105,1,3,1,1.46,-15.59,103.29,68.1,6.68,1.23,,96.33,0,0
zzzz00_106,1,3,1,1.46,-15.59,90.4,68.1,6.68,1.23,,83.72,0,0
zzzz00_107,1,3,1,1.46,-15.59,90.4,68.1,6.68,1.23,,83.72,0,0
zzzz00_108,1,3,1,1.46,-15.59,90.4,68.1,6.68,1.23,,83.72,0,0
zzzz00_109,1,3,1,1.46,-15.59,90.4,68.1,6.68,1.23,,83.72,0,0
zzzz00_11,1,3,1,1.46,-15.59,63.78,68.1,6.68,1.23,,57.55,0,0
zzzz00_110,1,3,1,1.46,-15.59,90.4,68.1,6.68,1.23,,83.72,0,0
zzzz00_111,1,3,1,1.46,-15.59,90.4,68.1,6.68,1.23,,83.72,0,0
zzzz00_112,1,3,1,1.46,-15.59,90.4,68.1,6.68,1.23,,83.72,0,0
zzzz00_113,1,3,1,1.46,-15.59,90.4,68.1,6.68,1.23,,83.72,0,0
zzzz00_114,1,3,1,1.46,-15.59,90.4,68.1,6.68,1.23,,83.72,0,0
zzzz00_115,1,3,1,1.46,-15.59,90.4,68.1,6.68,1.23,,83.72,0,0
zzzz00_116,1,3,1,1.46,-15.59,90.4,68.1,6.68,1.23,,83.72,0,0
zzzz00_117,1,3,1,1.46,-15.59,90.4,68.1,6.68,1.23,,83.72,0,0
zzzz00_118,1,3,1,1.46,-15.59,90.4,68.1,6.68,1.23,,83.72,0,0
zzzz00_119,1,3,1,1.46,-15.59,90.4,68.1,6.68,1.23,,83.72,0,0
zzzz00_12,1,3,1,1.46,-15.59,63.78,68.1,6.68,1.23,,57.55,0,0
zzzz00_120,1,3,1,1.46,-15.59,90.4,68.1,6.68,1.23,,83.72,0,0
zzzz00_121,1,3,1,1.46,-15.59,89.56,68.1,6.68,1.23,,86.17,-14,-14
zzzz00_122,1,3,1,1.46,-15.59,90.4,68.1,6.68,1.23,,83.72,0,0
zzzz00_123,1,3,1,1.46,-15.59,90.4,68.1,6.68,1.23,,83.72,0,0
zzzz00_124,1,3,1,1.46,-15.59,90.4,68.1,6.68,1.23,,83.72,0,0
zzzz00_125,1,3,1,1.46,-15.59,90.4,68.1,6.68,1.23,,83.72,0,0
zzzz00_126,1,3,1,1.46,-15.59,90.4,68.1,6.68,1.23,,83.72,0,0
zzzz00_127,1,3,1,1.46,-15.59,90.4,68.1,6.68,1.23,,83.72,0,0
zzzz00_128,1,3,1,1.46,-15.59,90.4,68.1,6.68,1.23,,83.72,0,0
zzzz00_129,1,3,1,1.46,-15.59,90.4,68.1,6.68,1.23,,83.72,0,0
zzzz00_13,1,3,1,1.46,-15.59,63.78,68.1,6.68,1.23,,57.55,0,0
zzzz00_130,1,3,1,1.46,-15.59,90.4,68.1,6.68,1.23,,83.72,0,0
zzzz00_131,1,3,1,1.46,-15.59,90.4,68.1,6.68,1.23,,83.72,0,0
zzzz00_132,1,3,1,1.46,-15.59,90.4,68.1,6.68,1.23,,83.72,0,0
zzzz00_133,1,3,1,1.46,-15.59,90.4,68.1,6.68,1.23,,83.72,0,0
zzzz00_134,1,3,1,1.46,-15.59,90.4,68.1,6.68,1.23,,83.72,0,0
zzzz00_135,1,3,1,1.46,-15.59,90.4,68.1,6.68,1.23,,83.72,0,0
zzzz00_136,1,3,1,1.46,-15.59,90.4,68.1,6.68,1.23,,83.72,0,0
zzzz00_137,1,3,1,1.46,-15.59,90.4,68.1,6.68,1.23,,83.72,0,0
zzzz00_138,1,3,1,1.46,-15.59,90.4,68.1,6.68,1.23,,83.72,0,0
zzzz00_139,1,3,1,1.46,-15.59,90.4,68.1,6.68,1.23,,83.72,0,0
zzzz00_14,1,3,1,1.46,-15.59,63.78,68.1,6.68,1.23,,57.55,0,0
zzzz00_140,1,3,1,1.46,-15.59,90.4,68.1,6.68,1.23,,83.72,0,0
zzzz00_141,1,3,1,1.46,-15.59,90.4,68.1,6.68,1.23,,83.72,0,0
zzzz00_142,1,3,1,1.46,-15.59,90.4,68.1,6.68,1.23,,83.72,0,0
zzzz00_143,1,3,1,1.46,-15.59,90.4,68.1,6.68,1.23,,83.72,0,0
zzzz00_144,1,3,1,1.46,-15.59,90.4,68.1,6.68,1.23,,83.72,0,0
zzzz00_145,1,3,1,1.46,-15.59,90.4,68.1,6.68,1.23,,83.72,0,0
zzzz00_146,1,3,1,1.46,-15.59,90.4,68.1,6.68,1.23,,83.72,0,0
zzzz00_147,1,3,1,1.46,-15.59,90.4,68.1,6.68,1.23,,83.72,0,0
zzzz00_148,1,3,1,1.46,-15.59,90.4,68.1,6.68,1.23,,83.72,0,0
zzzz00_149,1,3,1,1.46,-15.59,90.4,68.1,6.68,1.23,,83.72,0,0
zzzz00_15,1,3,1,1.46,-15.59,63.78,68.1,6.68,1.23,,57.55,0,0
zzzz00_150,1,3,1,1.46,-15.59,90.4,68.1,6.68,1.23,,83.72,0,0
zzzz00_151,1,3,1,1.46,-15.59,90.4,68.1,6.68,1.23,,83.72,0,0
zzzz00_152,1,3,1,1.46,-15.59,90.4,68.1,6.68,1.23,,83.72,0,0
zzzz00_153,1,3,1,1.46,-15.59,90.4,68.1,6.68,1.23,,83.72,0,0
zzzz00_154,1,3,1,1.46,-15.59,90.4,68.1,6.68,1.23,,83.72,0,0
zzzz00_155,1,3,1,1.46,-15.59,90.4,68.1,6.68,1.23,,83.72,0,0
zzzz00_156,1,3,1,1.46,-15.59,90.4,68.1,6.68,1.23,,83.72,0,0
zzzz00_157,1,3,1,1.46,-15.59,90.4,68.1,6.68,1.23,,83.72,0,0
zzzz00_158,1,3,1,1.46,-15.59,90.4,68.1,6.68,1.23,,83.72,0,0
zzzz00_159,1,3,1,1.46,-15.59,90.4,68.1,6.68,1.23,,83.72,0,0
zzzz00_16,1,3,1,1.46,-15.59,63.78,68.1,6.68,1.23,,57.55,0,0
zzzz00_160,1,3,1,1.46,-15.59,90.4,68.1,6.68,1.23,,83.72,0,0
zzzz00_161,1,3,1,1.46,-15.59,90.4,68.1,6.68,1.23,,83.72,0,0
zzzz00_162,1,3,1,1.46,-15.59,90.4,68.1,6.68,1.23,,83.72,0,0
zzzz00_163,1,3,1,1.46,-15.59,90.4,68.1,6.68,1.23,,83.72,0,0
zzzz00_164,1,3,1,1.46,-15.59,90.4,68.1,6.68,1.23,,83.72,0,0
zzzz00_165,1,3,1,1.46,-15.59,90.4,68.1,6.68,1.23,,83.72,0,0
zzzz00_166,1,3,1,1.46,-15.59,90.4,68.1,6.68,1.23,,83.72,0,0
zzzz00_167,1,3,1,1.46,-15.59,90.4,68.1,6.68,1.23,,83.72,0,0
zzzz00_168,1,3,1,1.46,-15.59,90.4,68.1,6.68,1.23,,83.72,0,0
zzzz00_169,1,3,1,1.46,-15.59,90.4,68.1,6.68,1.23,,83.72,0,0
zzzz00_17,1,3,1,1.46,-15.59,63.78,68.1,6.68,1.23,,57.55,0,0
zzzz00_170,1,3,1,1.46,-15.59,90.4,68.1,6.68,1.23,,83.72,0,0
zzzz00_171,1,3,1,1.46,-15.59,90.4,68.1,6.68,1.23,,83.72,0,0
zzzz00_172,1,3,1,1.46,-15.59,90.4,68.1,6.68,1.23,,83.72,0,0
zzzz00_173,1,3,1,1.46,-15.59,90.4,68.1,6.68,1.23,,83.72,0,0
zzzz00_174,1,3,1,1.46,-15.59,90.4,68.1,6.68,1.23,,83.72,0,0
zzzz00_175,1,3,1,1.46,-15.59,90.4,68.1,6.68,1.23,,83.72,0,0
zzzz00_176,1,3,1,1.46,-15.59,90.4,68.1,6.68,1.23,,83.72,0,0
zzzz00_177,1,3,1,1.46,-15.59,90.4,68.1,6.68,1.23,,83.72,0,0
zzzz00_178,1,3,1,1.46,-15.59,90.4,68.1,6.68,1.23,,83.72,0,0
zzzz00_179,1,3,1,1.46,-15.59,90.4,68.1,6.68,1.23,,83.72,0,0
zzzz00_18,1,3,1,1.46,-15.59,63.78,68.1,6.68,1.23,,57.55,0,0
zzzz00_180,1,3,1,1.46,-15.59,90.4,68.1,6.68,1.23,,83.72,0,0
zzzz00_181,1,3,1,1.46,-35.59,84.47,68.1,6.68,1.23,,67.03,0,0
zzzz00_182,1,3,1,1.46,-35.59,84.47,68.1,6.68,1.23,,67.03,0,0
zzzz00_183,1,3,1,1.46,-35.59,84.47,68.1,6.68,1.23,,67.03,0,0
zzzz00_184,1,3,1,1.46,-35.59,84.47,68.1,6.68,1.23,,67.03,0,0
zzzz00_185,1,3,1,1.46,-22.93,70.98,68.1,6.68,1.23,,61.39,0,0
zzzz00_186,1,3,1,1.46,-22.93,70.98,68.1,6.68,1.23,,61.39,0,0
zzzz00_187,1,3,3,-1.87,-31.26,102.42,68.1,6.68,1.23,14.8,90.9,0,0
zzzz00_188,1,3,1,1.46,-22.93,70.98,68.1,6.68,1.23,,61.39,0,0
zzzz00_189,1,3,1,1.46,-25.59,73.61,68.1,6.68,1.23,,62.58,0,0
zzzz00_19,1,3,1,1.46,-15.59,63.78,68.1,6.68,1.23,,57.55,0,0
zzzz00_190,1,3,1,1.46,-35.59,84.47,68.1,6.68,1.23,,67.03,0,0
zzzz00_191,1,3,1,1.46,-15.59,90.4,68.1,6.68,1.23,,83.72,0,0
zzzz00_192,1,3,1,1.46,-15.59,90.4,68.1,6.68,1.23,,83.72,0,0
zzzz00_193,1,3,1,1.46,-15.59,63.78,68.1,6.68,1.23,,57.55,0,0
zzzz00_194,1,3,1,1.46,-15.59,63.78,68.1,6.68,1.23,,57.55,0,0
zzzz00_195,1,3,1,1.46,-15.59,90.4,68.1,6.68,1.23,,83.72,0,0
zzzz00_196,1,3,1,1.46,-15.59,90.4,68.1,6.68,1.23,,83.72,0,0
zzzz00_197,1,3,1,1.46,-15.59,90.4,68.1,6.68,1.23,,83.72,0,0
zzzz00_198,1,3,1,1.46,-15.59,90.4,68.1,6.68,1.23,,83.72,0,0
zzzz00_199,1,3,1,1.46,-15.59,90.4,68.1,6.68,1.23,,83.72,0,0
zzzz00_20,1,3,1,1.46,-15.59,63.78,68.1,6.68,1.23,,57.55,0,0
zzzz00_200,1,3,1,1.46,-15.59,90.4,68.1,6.68,1.23,,83.72,0,0
zzzz00_201,1,3,1,1.46,-15.59,90.4,68.1,6.68,1.23,,83.72,0,0
zzzz00_202,1,3,1,1.46,-15.59,90.4,68.1,6.68,1.23,,83.72,0,0
zzzz00_203,1,3,1,1.46,-15.59,90.4,68.1,6.68,1.23,,83.72,0,0
zzzz00_204,1,3,1,1.46,-15.59,90.4,68.1,6.68,1.23,,83.72,0,0
zzzz00_205,1,3,1,1.46,-15.59,90.4,68.1,6.68,1.23,,83.72,0,0
zzzz00_206,1,3,1,1.46,-15.59,90.4,68.1,6.68,1.23,,83.72,0,0
zzzz00_207,1,3,3,1.46,-11.26,67.96,68.1,6.68,1.23,14.97,65.81,0,0
zzzz00_208,1,3,3,1.46,-11.26,67.96,68.1,6.68,1.23,14.97,65.81,0,0
zzzz00_209,1,3,1,1.46,-15.59,63.78,68.1,6.68,1.23,,57.55,0,0
zzzz00_21,1,3,1,1.46,-35.59,84.47,68.1,6.68,1.23,,67.03,0,0
zzzz00_210,1,3,1,1.46,-35.59,84.47,68.1,6.68,1.23,,67.03,0,0
zzzz00_211,1,3,1,1.46,-15.59,90.4,68.1,6.68,1.23,,83.72,0,0
zzzz00_212,1,3,1,1.46,-15.59,90.4,68.1,6.68,1.23,,83.72,0,0
zzzz00_213,1,3,1,1.46,-15.59,90.4,68.1,6.68,1.23,,83.72,0,0
zzzz00_214,1,3,1,1.46,-15.59,63.78,68.1,6.68,1.23,,57.55,0,0
zzzz00_215,1,3,1,1.46,-15.59,63.78,68.1,6.68,1.23,,57.55,0,0
zzzz00_216,1,3,1,1.46,-15.59,63.78,68.1,6.68,1.23,,57.55,0,0
zzzz00_217,1,3,1,1.46,-15.59,63.78,68.1,6.68,1.23,,57.55,0,0
zzzz00_218,1,3,1,1.46,-15.59,63.78,68.1,6.68,1.23,,57.55,0,0
zzzz00_219,1,3,1,1.46,-15.59,63.78,68.1,6.68,1.23,,57.55,0,0
zzzz00_22,1,3,1,1.46,-15.59,63.78,68.1,6.68,1.23,,57.55,0,0
zzzz00_220,1,3,1,1.46,-25.59,73.61,68.1,6.68,1.23,,62.58,0,0
zzzz00_221,1,3,1,1.46,-15.59,90.4,68.1,6.68,1.23,,83.72,0,0
zzzz00_222,1,3,1,1.46,-15.59,90.4,68.1,6.68,1.23,,83.72,0,0
zzzz00_223,1,3,6,1.46,-15.59,77.54,68.1,6.68,1.23,1.11,75.71,0,0
zzzz00_224,1,3,6,1.46,-15.59,77.54,68.1,6.68,1.23,1.11,75.71,0,0
zzzz00_225,1,3,1,1.46,-15.59,90.4,68.1,6.68,1.23,,83.72,0,0
zzzz00_226,1,3,1,1.46,-15.59,90.4,68.1,6.68,1.23,,83.72,0,0
zzzz00_227,1,3,1,1.46,-15.59,90.4,68.1,6.68,1.23,,83.72,0,0
zzzz00_228,1,3,1,1.46,-15.59,90.4,68.1,6.68,1.23,,83.72,0,0
zzzz00_229,1,3,1,1.46,-15.59,90.4,68.1,6.68,1.23,,83.72,0,0
zzzz00_23,1,3,1,1.46,-15.59,63.78,68.1,6.68,1.23,,57.55,0,0
zzzz00_230,1,3,1,1.46,-15.59,90.4,68.1,6.68,1.23,,83.72,0,0
zzzz00_231,1,3,1,1.46,-15.59,90.4,68.1,6.68,1.23,,83.72,0,0
zzzz00_232,1,3,1,1.46,-15.59,90.4,68.1,6.68,1.23,,83.72,0,0
zzzz00_233,1,3,1,1.46,-15.59,90.4,68.1,6.68,1.23,,83.72,0,0
zzzz00_234,1,3,1,1.46,-15.59,90.4,68.1,6.68,1.23,,83.72,0,0
zzzz00_235,1,3,1,1.46,-15.59,90.4,68.1,6.68,1.23,,83.72,0,0
zzzz00_236,1,3,1,1.46,-15.59,90.4,68.1,6.68,1.23,,83.72,0,0
zzzz00_237,1,3,1,1.46,-15.59,90.4,68.1,6.68,1.23,,83.72,0,0
zzzz00_238,1,3,1,1.46,-15.59,90.4,68.1,6.68,1.23,,83.72,0,0
zzzz00_239,1,3,1,1.46,-15.59,63.78,68.1,6.68,1.23,,57.55,0,0
zzzz00_24,1,3,1,1.46,-15.59,63.78,68.1,6.68,1.23,,57.55,0,0
zzzz00_245,1,3,1,1.46,-15.59,90.4,68.1,6.68,1.23,,83.72,0,0
zzzz00_246,1,3,1,1.46,-15.59,90.4,68.1,6.68,1.23,,83.72,0,0
zzzz00_247,1,3,1,1.46,-15.59,90.4,68.1,6.68,1.23,,83.72,0,0
zzzz00_248,1,3,1,1.46,-15.59,90.4,68.1,6.68,1.23,,83.72,0,0
zzzz00_249,1,3,1,1.46,-15.59,90.4,68.1,6.68,1.23,,83.72,0,0
zzzz00_25,1,3,1,1.46,-15.59,63.78,68.1,6.68,1.23,,57.55,0,0
zzzz00_250,1,3,1,1.46,-15.59,90.4,68.1,6.68,1.23,,83.72,0,0
zzzz00_251,1,3,4,1.46,-15.59,57.04,68.1,6.68,1.23,25.17,52.44,0,0
zzzz00_252,1,3,5,1.46,-15.59,65.76,68.1,6.68,1.23,25.98,60.75,0,0
zzzz00_253,1,3,5,1.46,-15.59,50.53,68.1,6.68,1.23,20.7,48.05,0,0
zzzz00_254,1,3,1,1.46,-15.59,90.4,68.1,6.68,1.23,,83.72,0,0
zzzz00_26,1,3,1,1.46,-15.59,63.78,68.1,6.68,1.23,,57.55,0,0
zzzz00_27,1,3,1,1.46,-15.59,63.78,68.1,6.68,1.23,,57.55,0,0
zzzz00_28,1,3,1,1.46,-15.59,63.78,68.1,6.68,1.23,,57.55,0,0
zzzz00_29,1,3,1,1.46,-15.59,63.78,68.1,6.68,1.23,,57.55,0,0
zzzz00_30,1,3,1,1.46,-15.59,63.78,68.1,6.68,1.23,,57.55,0,0
zzzz00_31,1,3,1,1.46,-15.59,63.78,68.1,6.68,1.23,,57.55,0,0
zzzz00_32,1,3,1,1.46,-15.59,63.78,68.1,6.68,1.23,,57.55,0,0
zzzz00_33,1,3,1,1.46,-15.59,63.78,68.1,6.68,1.23,,57.55,0,0
zzzz00_34,1,3,1,1.46,-15.59,63.78,68.1,6.68,1.23,,57.55,0,0
zzzz00_35,1,3,1,1.46,-15.59,63.78,68.1,6.68,1.23,,57.55,0,0
zzzz00_36,1,3,1,1.46,-15.59,63.78,68.1,6.68,1.23,,57.55,0,0
zzzz00_37,1,3,1,1.46,-15.59,63.78,68.1,6.68,1.23,,57.55,0,0
zzzz00_38,1,3,1,1.46,-25.59,73.61,68.1,6.68,1.23,,62.58,0,0
zzzz00_39,1,3,1,1.46,-15.59,63.78,68.1,6.68,1.23,,57.55,0,0
zzzz00_40,1,3,1,1.46,-15.59,63.78,68.1,6.68,1.23,,57.55,0,0
zzzz00_41,1,3,1,1.46,-15.59,90.4,68.1,6.68,1.23,,83.72,0,0
zzzz00_42,1,3,1,1.46,-15.59,90.4,68.1,6.68,1.23,,83.72,0,0
zzzz00_43,1,3,1,1.46,-15.59,90.4,68.1,6.68,1.23,,83.72,0,0
zzzz00_44,1,3,1,1.46,-25.59,73.61,68.1,6.68,1.23,,62.58,0,0
zzzz00_45,1,3,1,1.46,-12.93,87.76,68.1,6.68,1.23,,82.35,0,0
zzzz00_46,1,3,4,-80.38,-0.13,86.99,68.1,6.68,1.23,26.13,46.84,0,0
zzzz00_47,1,3,4,-80.38,-0.13,86.99,68.1,6.68,1.23,26.13,46.84,0,0
zzzz00_48,1,3,1,1.46,-25.59,73.61,68.1,6.68,1.23,,62.58,0,0
zzzz00_49,1,3,1,1.46,-15.59,90.4,68.1,6.68,1.23,,83.72,0,0
zzzz00_50,1,3,1,1.46,-25.59,73.61,68.1,6.68,1.23,,62.58,0,0
zzzz00_51,1,3,1,1.46,-15.59,90.4,68.1,6.68,1.23,,83.72,0,0
zzzz00_52,1,3,1,1.46,-15.59,60.84,68.1,6.68,1.23,,54.64,0,0
zzzz00_53,1,3,1,1.46,-15.59,90.4,68.1,6.68,1.23,,83.72,0,0
zzzz00_54,1,3,1,1.46,-15.59,60.84,68.1,6.68,1.23,,54.64,0,0
zzzz00_55,1,3,1,1.46,-22.93,70.98,68.1,6.68,1.23,,61.39,0,0
zzzz00_56,1,3,1,1.46,-22.93,70.98,68.1,6.68,1.23,,61.39,0,0
zzzz00_57,1,3,1,1.46,-22.93,70.98,68.1,6.68,1.23,,61.39,0,0
zzzz00_58,1,3,1,1.46,-15.59,90.4,68.1,6.68,1.23,,83.72,0,0
zzzz00_59,1,3,1,1.46,-15.59,63.78,68.1,6.68,1.23,,57.55,0,0
zzzz00_60,1,3,1,1.46,-15.59,63.78,68.1,6.68,1.23,,57.55,0,0
zzzz00_61,1,3,1,1.46,-15.59,63.78,68.1,6.68,1.23,,57.55,0,0
zzzz00_62,1,3,1,1.46,-15.59,63.78,68.1,6.68,1.23,,57.55,0,0
zzzz00_63,1,3,1,1.46,-15.59,63.78,68.1,6.68,1.23,,57.55,0,0
zzzz00_64,1,3,1,1.46,-25.59,73.61,68.1,6.68,1.23,,62.58,0,0
zzzz00_65,1,3,1,1.46,-25.59,73.61,68.1,6.68,1.23,,62.58,0,0
zzzz00_66,1,3,1,1.46,-22.93,70.98,68.1,6.68,1.23,,61.39,0,0
zzzz00_67,1,3,1,1.46,-22.93,70.98,68.1,6.68,1.23,,61.39,0,0
zzzz00_68,1,3,1,1.46,-15.59,63.66,68.1,6.68,1.23,,52.19,0,0
zzzz00_69,1,3,1,1.46,-15.59,60.46,68.1,6.68,1.23,,55.13,0,0
zzzz00_70,1,3,1,1.46,-15.59,60.84,68.1,6.68,1.23,,54.64,0,0
zzzz00_71,1,3,1,1.46,-15.59,63.66,68.1,6.68,1.23,,52.19,0,0
zzzz00_72,1,3,1,1.46,-15.59,63.66,68.1,6.68,1.23,,52.19,0,0
zzzz00_73,1,3,1,1.46,-15.59,63.66,68.1,6.68,1.23,,52.19,0,0
zzzz00_74,1,3,1,1.46,-15.59,63.66,68.1,6.68,1.23,,52.19,0,0
zzzz00_75,1,3,1,1.46,-15.59,63.66,68.1,6.68,1.23,,52.19,0,0
zzzz00_76,1,3,1,1.46,-15.59,63.66,68.1,6.68,1.23,,52.19,0,0
zzzz00_77,1,3,1,1.46,-15.59,63.78,68.1,6.68,1.23,,57.55,0,0
zzzz00_78,1,3,1,1.46,-15.59,63.78,68.1,6.68,1.23,,57.55,0,0
zzzz00_79,1,3,1,1.46,-15.59,63.78,68.1,6.68,1.23,,57.55,0,0
zzzz00_80,1,3,1,1.46,-15.59,63.78,68.1,6.68,1.23,,57.55,0,0
zzzz00_81,1,3,1,1.46,-15.59,63.78,68.1,6.68,1.23,,57.55,0,0
zzzz00_82,1,3,1,1.46,-15.59,63.78,68.1,6.68,1.23,,57.55,0,0
zzzz00_83,1,3,1,1.46,-15.59,63.78,68.1,6.68,1.23,,57.55,0,0
zzzz00_84,1,3,1,1.46,-15.59,63.78,68.1,6.68,1.23,,57.55,0,0
zzzz00_85,1,3,1,1.46,-35.59,84.47,68.1,6.68,1.23,,67.03,0,0
zzzz00_86,1,3,1,1.46,-35.59,84.47,68.1,6.68,1.23,,67.03,0,0
zzzz00_87,1,3,1,1.46,-22.93,70.98,68.1,6.68,1.23,,61.39,0,0
zzzz00_88,1,3,1,1.46,-22.93,70.98,68.1,6.68,1.23,,61.39,0,0
zzzz00_89,1,3,1,1.46,-15.59,90.4,68.1,6.68,1.23,,83.72,0,0
zzzz00_90,1,3,1,1.46,-15.59,90.4,68.1,6.68,1.23,,83.72,0,0
zzzz00_91,1,3,1,1.46,-15.59,90.4,68.1,6.68,1.23,,83.72,0,0
zzzz00_92,1,3,1,1.46,-15.59,90.4,68.1,6.68,1.23,,83.72,0,0
zzzz00_93,1,3,1,1.46,-15.59,90.4,68.1,6.68,1.23,,83.72,0,0
zzzz00_94,1,3,1,1.46,-15.59,90.4,68.1,6.68,1.23,,83.72,0,0
zzzz00_95,1,3,1,1.46,-25.59,73.61,68.1,6.68,1.23,,62.58,0,0
zzzz00_96,1,3,1,1.46,-15.59,90.4,68.1,6.68,1.23,,83.72,0,0
zzzz00_97,1,3,1,1.46,-15.59,90.4,68.1,6.68,1.23,,83.72,0,0
zzzz00_98,1,3,1,1.46,-15.59,90.4,68.1,6.68,1.23,,83.72,0,0
zzzz00_99,1,3,1,1.46,-15.59,90.4,68.1,6.68,1.23,,83.72,0,0
zzzz02_55,1,3,1,1.46,-15.59,89.56,68.1,6.68,1.23,,86.17,0,0
zzzz02_56,1,3,3,1.46,-15.59,66.09,68.1,6.68,1.23,87.88,60.12,0,0
zzzz02_57,2,3,3,-26.61,-27.84,114.17,68.1,6.68,1.23,32.45,78.62,0,0
zzzz02_58,2,3,3,-26.61,-27.84,114.17,68.1,6.68,1.23,32.45,78.62,0,0
zzzz02_59,2,3,3,-26.61,-27.84,114.17,68.1,6.68,1.23,32.45,78.62,0,0
zzzz02_60,2,3,3,-26.61,-27.84,114.17,68.1,6.68,1.23,32.45,78.62,0,0
zzzz02_61,2,3,3,-26.61,-27.84,114.17,68.1,6.68,1.23,32.45,78.62,0,0
zzzz02_62,2,3,3,-26.61,-27.84,114.17,68.1,6.68,1.23,32.45,78.62,0,0
zzzz02_63,2,3,3,-26.61,-27.84,114.17,68.1,6.68,1.23,32.45,78.62,0,0
zzzz02_64,2,3,3,-26.61,-27.84,114.17,68.1,6.68,1.23,32.45,78.62,0,0
zzzz02_65,2,3,3,-26.61,-27.84,114.17,68.1,6.68,1.23,32.45,78.62,0,0
zzzz02_66,2,3,3,-26.61,-27.84,114.17,68.1,6.68,1.23,32.45,78.62,0,0
zzzz02_67,2,3,3,-26.61,-27.84,114.17,68.1,6.68,1.23,32.45,78.62,0,0
zzzz02_68,2,3,3,-26.61,-27.84,114.17,68.1,6.68,1.23,32.45,78.62,0,0
zzzz02_69,2,3,3,-26.61,-27.84,114.17,68.1,6.68,1.23,32.45,78.62,0,0
zzzz02_70,2,3,3,-26.61,-27.84,114.17,68.1,6.68,1.23,32.45,78.62,0,0
zzzz02_71,2,3,3,-26.61,-27.84,114.17,68.1,6.68,1.23,32.45,78.62,0,0
zzzz02_72,2,3,3,-26.61,-27.84,114.17,68.1,6.68,1.23,32.45,78.62,0,0
zzzz02_73,2,3,3,-26.61,-27.84,114.17,68.1,6.68,1.23,32.45,78.62,0,0
zzzz02_74,2,3,3,-26.61,-27.84,114.17,68.1,6.68,1.23,32.45,78.62,0,0
zzzz02_75,2,3,3,-26.61,-27.84,114.17,68.1,6.68,1.23,32.45,78.62,0,0
zzzz02_76,1,3,4,-43.38,10.53,70.52,68.1,6.68,1.23,32.88,45.58,0,0
zzzz02_77,1,3,1,1.46,-15.59,89.56,68.1,6.68,1.23,,86.17,0,0
zzzz02_78,2,3,3,-26.61,-27.84,114.17,68.1,6.68,1.23,32.45,78.62,0,0
zzzz02_79,1,3,1,1.46,-40.93,89.74,68.1,6.68,1.23,,68.37,0,0
zzzz02_80,1,3,4,1.46,-15.59,98.68,68.1,6.68,1.23,33.81,86.17,0,0
zzzz02_81,1,3,1,1.46,-35.59,84.47,68.1,6.68,1.23,,67.03,0,0
zzzz02_82,1,3,1,1.46,-25.59,99.56,68.1,6.68,1.23,,91.37,0,0
zzzz02_83,1,3,1,1.46,-15.59,140.18,68.1,6.68,1.23,,131.96,0,0
zzzz02_84,2,3,3,-26.61,-27.84,114.17,68.1,6.68,1.23,32.45,78.62,0,0
zzzz02_85,1,3,2,1.46,-55.59,103.01,68.1,6.68,1.23,4.67,81.54,0,0
zzzz02_86,2,3,3,-26.61,-27.84,114.17,68.1,6.68,1.23,32.45,78.62,0,0
zzzz02_87,2,3,3,-26.61,-27.84,114.17,68.1,6.68,1.23,32.45,78.62,0,0
zzzz02_88,2,3,3,-26.61,-27.84,114.17,68.1,6.68,1.23,32.45,78.62,0,0
zzzz02_89,2,3,3,-26.61,-27.84,114.17,68.1,6.68,1.23,32.45,78.62,0,0
zzzz02_90,2,3,3,-26.61,-27.84,114.17,68.1,6.68,1.23,32.45,78.62,0,0
zzzz02_91,2,3,3,-26.61,-27.84,114.17,68.1,6.68,1.23,32.45,78.62,0,0
zzzz02_92,1,3,1,1.46,-15.59,63.78,68.1,6.68,1.23,,57.55,0,0
zzzz02_93,1,3,1,1.46,-15.59,63.78,68.1,6.68,1.23,,57.55,0,0
zzzz02_94,1,3,1,1.46,-15.59,63.78,68.1,6.68,1.23,,57.55,0,0
zzzz02_95,1,3,1,1.46,-35.59,84.47,68.1,6.68,1.23,,67.03,0,0
zzzz02_96,1,3,1,1.46,-15.59,63.78,68.1,6.68,1.23,,57.55,0,0
zzzz02_97,1,3,1,1.46,-15.59,63.78,68.1,6.68,1.23,,57.55,0,0
zzzz02_98,1,3,1,1.46,-15.59,63.78,68.1,6.68,1.23,,57.55,0,0
zzzz02_99,1,3,1,1.46,-15.59,63.78,68.1,6.68,1.23,,57.55,0,0
zzzz03_00,1,3,1,1.46,-12.93,94.97,68.1,6.68,1.23,,91.84,0,0
zzzz03_01,1,3,4,-80.38,-0.13,86.99,68.1,6.68,1.23,26.13,46.84,0,0
zzzz03_02,1,3,1,1.46,-22.93,70.98,68.1,6.68,1.23,,61.39,0,0
zzzz03_03,1,3,1,1.46,-15.59,63.78,68.1,6.68,1.23,,57.55,0,0
zzzz03_04,1,3,1,1.46,-25.59,73.61,68.1,6.68,1.23,,62.58,0,0
zzzz03_05,1,3,1,1.46,-22.93,70.98,68.1,6.68,1.23,,61.39,0,0
zzzz03_06,1,3,1,1.46,-15.59,63.78,68.1,6.68,1.23,,57.55,0,0
zzzz03_07,1,3,1,1.46,-35.59,84.47,68.1,6.68,1.23,,67.03,0,0
zzzz03_08,1,3,1,1.46,-22.93,70.98,68.1,6.68,1.23,,61.39,0,0
zzzz03_09,1,3,1,1.46,-15.59,63.78,68.1,6.68,1.23,,57.55,0,0
zzzz03_10,1,3,1,1.46,-35.59,84.47,68.1,6.68,1.23,,67.03,0,0
zzzz03_11,1,3,1,1.46,-22.93,70.98,68.1,6.68,1.23,,61.39,0,0
zzzz03_12,1,3,1,1.46,-22.93,70.98,68.1,6.68,1.23,,61.39,0,0
zzzz03_13,1,3,1,1.46,-15.59,63.78,68.1,6.68,1.23,,57.55,0,0
zzzz03_14,1,3,3,1.46,-11.26,67.96,68.1,6.68,1.23,14.97,65.81,0,0
zzzz03_15,1,3,1,1.46,-35.59,84.47,68.1,6.68,1.23,,67.03,0,0
zzzz03_16,1,3,1,1.46,-15.59,63.78,68.1,6.68,1.23,,57.55,0,0
zzzz03_17,1,3,6,1.46,-15.59,77.54,68.1,6.68,1.23,1.11,75.71,0,0
zzzz03_18,1,3,1,1.46,-15.59,63.78,68.1,6.68,1.23,,57.55,0,0
zzzz03_19,1,3,1,1.46,-15.59,63.78,68.1,6.68,1.23,,57.55,0,0
zzzz03_20,1,3,1,1.46,-22.93,70.98,68.1,6.68,1.23,,61.39,0,0
zzzz03_21,1,3,1,1.46,-25.59,73.61,68.1,6.68,1.23,,62.58,0,0
zzzz03_22,1,3,1,1.46,-22.93,70.98,68.1,6.68,1.23,,61.39,0,0
zzzz03_23,1,3,1,1.46,-25.59,73.61,68.1,6.68,1.23,,62.58,0,0
zzzz03_24,1,3,1,1.46,-15.59,63.78,68.1,6.68,1.23,,57.55,0,0
zzzz03_25,1,3,1,1.46,-35.59,84.47,68.1,6.68,1.23,,67.03,0,0
zzzz03_26,1,3,1,1.46,-22.93,70.98,68.1,6.68,1.23,,61.39,0,0
zzzz03_27,1,3,1,1.46,-15.59,63.78,68.1,6.68,1.23,,57.55,0,0
zzzz03_28,1,3,3,1.46,-11.26,67.96,68.1,6.68,1.23,14.97,65.81,0,0
zzzz03_29,1,3,1,1.46,-12.93,87.76,68.1,6.68,1.23,,82.35,0,0
zzzz03_30,1,3,1,1.46,-15.59,63.78,68.1,6.68,1.23,,57.55,0,0
zzzz03_31,1,3,1,1.46,-25.59,73.61,68.1,6.68,1.23,,62.58,0,0
zzzz03_32,1,3,1,1.46,-25.59,73.61,68.1,6.68,1.23,,62.58,0,0
zzzz03_33,1,3,1,1.46,-22.93,70.98,68.1,6.68,1.23,,61.39,0,0
zzzz03_34,1,3,1,1.46,-15.59,63.78,68.1,6.68,1.23,,57.55,0,0
